fiscal_month,program,capex_category,planned,actual,forecast,variance,variance_pct
2024-01,Atlas-Sustaining,Facilities,686531.0,783636.74,730228.59,97105.73999999999,0.11381918656736541
2024-01,Atlas-Sustaining,Fixtures,992345.0,982883.1699999999,988087.1900000001,-9461.830000000016,0.08943004585068683
2024-01,Atlas-Sustaining,IT/Network,595405.0,610419.29,602161.43,15014.29000000003,-0.0005637137615037008
2024-01,Atlas-Sustaining,SpareParts,907948.0,1005215.59,951718.42,97267.59,0.09042512670816277
2024-01,Atlas-Sustaining,TestEquipment,448825.0,500421.98,472043.64,51596.98,0.1100038046854072
2024-01,Atlas-Sustaining,Tooling,1375806.0,1357725.47,1367669.77,-18080.530000000028,-0.009409237502302822
2024-01,Helios-NewBay,Facilities,901392.0,943272.75,920238.3300000001,41880.75000000001,-0.012340342530581134
2024-01,Helios-NewBay,Fixtures,705489.0,663396.86,686547.53,-42092.139999999985,0.028638015739467088
2024-01,Helios-NewBay,IT/Network,1012872.0,912934.35,967900.0700000001,-99937.65,-0.02390347257420175
2024-01,Helios-NewBay,SpareParts,468158.0,426988.03,449631.51999999996,-41169.96999999999,-0.10565369667184032
2024-01,Helios-NewBay,TestEquipment,765590.0,595886.4099999999,689223.39,-169703.59000000003,-0.14440794283879616
2024-01,Helios-NewBay,Tooling,627419.0,779221.67,695730.2000000001,151802.67,0.21320936687241832
2024-01,Nova-Upgrade,Facilities,729540.0,737861.47,733284.64,8321.470000000001,0.016514871985370348
2024-01,Nova-Upgrade,Fixtures,683313.0,723167.23,701247.41,39854.23000000001,0.0545246349674369
2024-01,Nova-Upgrade,IT/Network,519021.0,525318.3099999999,521854.8,6297.30999999999,-0.028892420100489036
2024-01,Nova-Upgrade,SpareParts,1329923.0,1358136.25,1342618.96,28213.25,0.03719793003075491
2024-01,Nova-Upgrade,TestEquipment,500635.0,494449.38,497851.48,-6185.619999999999,-0.026429320935983176
2024-01,Nova-Upgrade,Tooling,1146883.0,1145665.13,1146334.96,-1217.8700000000172,0.052440553851187954
2024-01,Orion-Ramp,Facilities,68445.0,84952.48,75873.37,16507.479999999996,0.2411787566659361
2024-01,Orion-Ramp,Fixtures,678602.0,753592.37,712347.66,74990.37000000002,0.06049166415810131
2024-01,Orion-Ramp,IT/Network,576009.0,478227.69,532007.41,-97781.31,-0.13755266647129907
2024-01,Orion-Ramp,SpareParts,1033214.0,1122596.9000000001,1073436.31,89382.90000000005,0.05236067798735603
2024-01,Orion-Ramp,TestEquipment,846851.0,899686.87,870627.1499999999,52835.86999999997,0.06031310827569906
2024-01,Orion-Ramp,Tooling,905614.0,820664.62,867386.78,-84949.37999999999,-0.05988550058296427
2024-01,Phoenix-ETD,Facilities,770276.0,747651.3700000001,760094.9199999999,-22624.629999999983,-0.049023256254225246
2024-01,Phoenix-ETD,Fixtures,443488.0,421249.54,433480.69,-22238.46000000002,0.015253192140747135
2024-01,Phoenix-ETD,IT/Network,1213674.0,1283296.63,1245004.17,69622.62999999999,0.062253240574462576
2024-01,Phoenix-ETD,SpareParts,709201.0,695511.16,703040.57,-13689.839999999997,-0.027235280271415706
2024-01,Phoenix-ETD,TestEquipment,791951.0,797456.5299999999,794428.4800000001,5505.5299999999625,-0.0505452704590758
2024-01,Phoenix-ETD,Tooling,756133.0,736569.2000000001,747329.3,-19563.799999999974,-0.06261265396634774
2024-02,Atlas-Sustaining,Facilities,939663.0,992755.6200000001,963554.69,53092.620000000024,0.03630926786366188
2024-02,Atlas-Sustaining,Fixtures,953344.0,913730.94,935518.11,-39613.06000000001,-0.053353654083582225
2024-02,Atlas-Sustaining,IT/Network,890065.0,981366.66,931150.74,91301.66000000003,0.07206747338938409
2024-02,Atlas-Sustaining,SpareParts,525727.0,524338.99,525102.4,-1388.0100000000093,0.020594499360008428
2024-02,Atlas-Sustaining,TestEquipment,583821.0,597967.45,590186.9,14146.450000000004,0.052944159958836286
2024-02,Atlas-Sustaining,Tooling,729817.0,822108.27,771348.0700000001,92291.27000000002,0.0738275813450024
2024-02,Helios-NewBay,Facilities,1286184.0,1209942.5699999998,1251875.36,-76241.43000000007,-0.06343685050724364
2024-02,Helios-NewBay,Fixtures,830615.0,726021.23,783547.8,-104593.77000000002,-0.12179573555486171
2024-02,Helios-NewBay,IT/Network,698150.0,780716.06,735304.74,82566.06000000004,0.1437039655500416
2024-02,Helios-NewBay,SpareParts,702056.0,786300.11,739965.86,84244.11000000002,0.10199421845127292
2024-02,Helios-NewBay,TestEquipment,868418.0,863962.94,866413.22,-4455.059999999983,-0.024415186003057376
2024-02,Helios-NewBay,Tooling,487673.0,609884.5,542668.1799999999,122211.5,0.15684768138164423
2024-02,Nova-Upgrade,Facilities,446446.0,463985.54,454338.79,17539.539999999994,0.04554793242075819
2024-02,Nova-Upgrade,Fixtures,564152.0,496613.85,533759.84,-67538.15000000001,-0.09242469483531475
2024-02,Nova-Upgrade,IT/Network,1203028.0,1253976.19,1225954.69,50948.190000000024,0.020789245153880653
2024-02,Nova-Upgrade,SpareParts,484197.0,464999.57999999996,475558.16000000003,-19197.42000000001,-0.027220751668055015
2024-02,Nova-Upgrade,TestEquipment,608613.0,516590.36,567202.81,-92022.64,-0.1737707743855099
2024-02,Nova-Upgrade,Tooling,971357.0,910782.59,944098.51,-60574.410000000025,-0.0442227954561661
2024-02,Orion-Ramp,Facilities,399831.0,522538.79000000004,455049.51,122707.79000000001,0.337615773359618
2024-02,Orion-Ramp,Fixtures,1145946.0,1115317.11,1132163.0,-30628.889999999985,-0.05697195415785522
2024-02,Orion-Ramp,IT/Network,980153.0,929870.01,957525.6599999999,-50282.98999999999,-0.019232849598401346
2024-02,Orion-Ramp,SpareParts,1106522.0,1156224.1,1128887.95,49702.10000000005,0.02871933519404447
2024-02,Orion-Ramp,TestEquipment,222178.0,169707.44,198566.25,-52470.560000000005,-0.21619792198002422
2024-02,Orion-Ramp,Tooling,831431.0,854831.22,841961.1,23400.220000000005,0.031413115900563185
2024-02,Phoenix-ETD,Facilities,1601062.0,1554146.26,1579949.93,-46915.740000000034,-0.01193039025805568
2024-02,Phoenix-ETD,Fixtures,799484.0,662207.27,737709.46,-137276.72999999998,-0.1467702340901305
2024-02,Phoenix-ETD,IT/Network,835039.0,940134.93,882332.1799999999,105095.93000000002,0.10284620366833708
2024-02,Phoenix-ETD,SpareParts,847077.0,747201.77,802133.15,-99875.23000000001,-0.06316312579866505
2024-02,Phoenix-ETD,TestEquipment,382198.0,406677.96,393213.98,24479.960000000006,0.05567451966287599
2024-02,Phoenix-ETD,Tooling,341339.0,329241.6,335895.17,-12097.399999999994,0.01572490322809834
2024-03,Atlas-Sustaining,Facilities,612858.0,624047.2,617893.14,11189.199999999997,0.0029146230353349844
2024-03,Atlas-Sustaining,Fixtures,900233.0,921378.65,909748.53,21145.649999999958,0.06054219438407269
2024-03,Atlas-Sustaining,IT/Network,706732.0,704239.03,705610.16,-2492.9700000000375,0.04342732255777622
2024-03,Atlas-Sustaining,SpareParts,991126.0,1099112.81,1039720.0700000001,107986.81,0.10176272524925277
2024-03,Atlas-Sustaining,TestEquipment,782861.0,830914.89,804485.25,48053.889999999985,0.056681572187342294
2024-03,Atlas-Sustaining,Tooling,522728.0,443531.11,487089.4,-79196.88999999998,-0.10973726809072226
2024-03,Helios-NewBay,Facilities,1009164.0,986608.4400000001,999013.99,-22555.559999999983,0.024894893154263815
2024-03,Helios-NewBay,Fixtures,792577.0,774788.72,784572.27,-17788.27999999997,-0.006723762343235962
2024-03,Helios-NewBay,IT/Network,628108.0,634586.99,631023.55,6478.989999999962,0.003029627668158582
2024-03,Helios-NewBay,SpareParts,272030.0,257802.59,265627.67,-14227.41000000001,-0.025683134924197576
2024-03,Helios-NewBay,TestEquipment,1222386.0,1075242.99,1156171.64,-147143.01,-0.07466580921719328
2024-03,Helios-NewBay,Tooling,859131.0,907663.66,880970.71,48532.65999999998,-0.03463645072216463
2024-03,Nova-Upgrade,Facilities,306329.0,311268.67000000004,308551.83999999997,4939.670000000013,0.07028082963795995
2024-03,Nova-Upgrade,Fixtures,894806.0,954601.81,921714.12,59795.81000000002,0.03305272905567386
2024-03,Nova-Upgrade,IT/Network,553211.0,615444.4299999999,581216.04,62233.42999999998,0.12247964339069586
2024-03,Nova-Upgrade,SpareParts,276598.0,277215.09,276875.69,617.0900000000111,-0.012077004133188027
2024-03,Nova-Upgrade,TestEquipment,1041484.0,1152964.9,1091650.4,111480.89999999997,0.1422671592067041
2024-03,Nova-Upgrade,Tooling,1291630.0,1257344.02,1276201.32,-34285.97999999998,-0.018948125280317286
2024-03,Orion-Ramp,Facilities,826318.0,831405.49,828607.36,5087.490000000009,-0.011440430366955153
2024-03,Orion-Ramp,Fixtures,660289.0,717336.22,685960.26,57047.22,0.08277249032428252
2024-03,Orion-Ramp,IT/Network,839769.0,1009450.31,916125.5800000001,169681.31,0.16626027719078926
2024-03,Orion-Ramp,SpareParts,599776.0,603737.04,601558.47,3961.0399999999972,-0.007754717350249097
2024-03,Orion-Ramp,TestEquipment,642123.0,719787.3099999999,677071.94,77664.31,0.07494744054722188
2024-03,Orion-Ramp,Tooling,337511.0,307864.03,324169.87,-29646.969999999994,-0.0859199787263591
2024-03,Phoenix-ETD,Facilities,732764.0,672062.02,705448.12,-60701.979999999974,-0.16957410260646313
2024-03,Phoenix-ETD,Fixtures,534686.0,503647.62,520718.74,-31038.380000000016,-0.11965627470403958
2024-03,Phoenix-ETD,IT/Network,875870.0,1003694.22,933390.89,127824.21999999997,0.14412555521281759
2024-03,Phoenix-ETD,SpareParts,761206.0,657794.23,714670.71,-103411.77000000005,-0.13327535311631994
2024-03,Phoenix-ETD,TestEquipment,816629.0,718812.94,772611.77,-97816.06,-0.002310820776826881
2024-03,Phoenix-ETD,Tooling,1019353.0,1018296.6599999999,1018877.6400000001,-1056.3400000000256,-0.0064288803612697135
2024-04,Atlas-Sustaining,Facilities,425824.0,403372.08,415720.63,-22451.919999999984,-0.041460776399926166
2024-04,Atlas-Sustaining,Fixtures,1187393.0,1217991.8,1201162.47,30598.799999999974,0.005521292538905964
2024-04,Atlas-Sustaining,IT/Network,1019677.0,1178458.23,1091128.56,158781.23000000004,0.1445536365926044
2024-04,Atlas-Sustaining,SpareParts,570153.0,532513.99,553215.44,-37639.01000000002,-0.021349027864757807
2024-04,Atlas-Sustaining,TestEquipment,751713.0,852454.81,797046.81,100741.81000000003,0.11930999403503394
2024-04,Atlas-Sustaining,Tooling,1027697.0,984402.22,1008214.35,-43294.78000000004,-0.0365598243659959
2024-04,Helios-NewBay,Facilities,786416.0,748053.71,769152.98,-38362.29,-0.030914911024506476
2024-04,Helios-NewBay,Fixtures,388891.0,410678.69999999995,398695.45999999996,21787.69999999999,0.07389305892463709
2024-04,Helios-NewBay,IT/Network,883470.0,936651.27,907401.58,53181.270000000004,0.06300845986234252
2024-04,Helios-NewBay,SpareParts,845000.0,909514.5599999999,874031.56,64514.559999999976,0.028487187770796802
2024-04,Helios-NewBay,TestEquipment,589606.0,584470.32,587294.9400000001,-5135.680000000008,-0.009717553677492078
2024-04,Helios-NewBay,Tooling,737211.0,709730.46,724844.76,-27480.540000000023,-0.10405640444166292
2024-04,Nova-Upgrade,Facilities,1152257.0,1136582.09,1145203.29,-15674.909999999989,-0.014401529322204794
2024-04,Nova-Upgrade,Fixtures,260472.0,311732.75,283539.34,51260.75,0.1967994640498787
2024-04,Nova-Upgrade,IT/Network,489607.0,439555.74,467083.93,-50051.26000000001,-0.11697442326297705
2024-04,Nova-Upgrade,SpareParts,1118015.0,1137916.92,1126970.86,19901.920000000013,0.05390323195300446
2024-04,Nova-Upgrade,TestEquipment,1142521.0,1198556.76,1167737.09,56035.75999999995,0.05386706474122609
2024-04,Nova-Upgrade,Tooling,976564.0,1098220.26,1031309.31,121656.25999999998,0.14026419336358795
2024-04,Orion-Ramp,Facilities,1072020.0,1097914.17,1083672.37,25894.170000000016,0.07426123750878474
2024-04,Orion-Ramp,Fixtures,859392.0,897080.58,876351.87,37688.57999999998,-0.015683039155430935
2024-04,Orion-Ramp,IT/Network,595700.0,733339.41,657637.74,137639.41000000003,0.11355739355608604
2024-04,Orion-Ramp,SpareParts,520222.0,488866.56,506112.04000000004,-31355.439999999988,-0.08951477846322296
2024-04,Orion-Ramp,TestEquipment,833200.0,782185.98,810243.69,-51014.02000000001,-0.08540876985288814
2024-04,Orion-Ramp,Tooling,635090.0,713638.54,670436.84,78548.54000000001,0.11137440700984488
2024-04,Phoenix-ETD,Facilities,949644.0,990461.15,968011.71,40817.15000000002,0.029069082034739853
2024-04,Phoenix-ETD,Fixtures,178548.0,161979.19,171092.03,-16568.809999999998,0.12008908719707136
2024-04,Phoenix-ETD,IT/Network,174971.0,148370.26,163000.66,-26600.739999999998,-0.1611671676915543
2024-04,Phoenix-ETD,SpareParts,887474.0,939232.63,910765.38,51758.630000000005,0.06940070025132505
2024-04,Phoenix-ETD,TestEquipment,819790.0,835080.56,826670.76,15290.560000000012,-0.04410561026040753
2024-04,Phoenix-ETD,Tooling,1706878.0,1785310.4300000002,1742172.59,78432.43000000002,0.05977770078228341
2024-05,Atlas-Sustaining,Facilities,934931.0,775766.5900000001,863307.02,-159164.41,-0.10221214699196252
2024-05,Atlas-Sustaining,Fixtures,155554.0,133031.34,145418.8,-22522.66,-0.13798938011597398
2024-05,Atlas-Sustaining,IT/Network,1083097.0,968952.6,1031732.03,-114144.40000000002,-0.10008262008992341
2024-05,Atlas-Sustaining,SpareParts,459179.0,476319.66000000003,466892.30000000005,17140.660000000033,0.03876203916849956
2024-05,Atlas-Sustaining,TestEquipment,480978.0,445179.53,464868.68999999994,-35798.46999999999,-0.07533552772356082
2024-05,Atlas-Sustaining,Tooling,1125170.0,1137712.98,1130814.35,12542.98000000001,0.017838711270321998
2024-05,Helios-NewBay,Facilities,627484.0,667109.5399999999,645315.51,39625.53999999999,-0.03125518335390791
2024-05,Helios-NewBay,Fixtures,934325.0,938100.66,936024.05,3775.660000000047,-0.037491802431626295
2024-05,Helios-NewBay,IT/Network,670955.0,697811.51,683040.45,26856.51000000004,-0.015466641389738328
2024-05,Helios-NewBay,SpareParts,1144829.0,1242451.96,1188759.34,97622.96000000005,0.09840927328632387
2024-05,Helios-NewBay,TestEquipment,655100.0,643078.4099999999,649690.28,-12021.589999999997,0.004161868060434071
2024-05,Helios-NewBay,Tooling,270155.0,283757.41000000003,276276.09,13602.410000000003,0.07490197299599295
2024-05,Nova-Upgrade,Facilities,461651.0,507818.19,482426.24,46167.18999999999,0.03557813717476292
2024-05,Nova-Upgrade,Fixtures,792444.0,820635.94,805130.38,28191.94000000001,0.03830822338668853
2024-05,Nova-Upgrade,IT/Network,1036999.0,1016107.3,1027597.73,-20891.70000000004,0.02845239619261411
2024-05,Nova-Upgrade,SpareParts,691092.0,723831.92,705824.96,32739.920000000016,-0.013356601634683801
2024-05,Nova-Upgrade,TestEquipment,188690.0,152740.43,172512.69999999998,-35949.57,-0.23276684955586807
2024-05,Nova-Upgrade,Tooling,851279.0,894819.25,870872.1100000001,43540.25,0.07370438549686008
2024-05,Orion-Ramp,Facilities,797356.0,748369.78,775312.2000000001,-48986.22000000003,-0.04747656043287525
2024-05,Orion-Ramp,Fixtures,734712.0,761949.87,746969.04,27237.870000000024,0.04433407032590915
2024-05,Orion-Ramp,IT/Network,1108460.0,1202714.51,1150874.54,94254.50999999998,0.016960967157416823
2024-05,Orion-Ramp,SpareParts,849056.0,741070.24,800462.41,-107985.75999999998,-0.14939626889015584
2024-05,Orion-Ramp,TestEquipment,429803.0,446526.84,437328.74,16723.840000000026,0.028093351305488793
2024-05,Orion-Ramp,Tooling,937872.0,1001762.8500000001,966622.88,63890.85000000003,0.011536537582688697
2024-05,Phoenix-ETD,Facilities,560086.0,616468.79,585458.26,56382.79000000001,0.06926209938319894
2024-05,Phoenix-ETD,Fixtures,1126902.0,1133011.08,1129651.08,6109.08000000006,0.017100656512984393
2024-05,Phoenix-ETD,IT/Network,1340472.0,1312465.67,1327869.15,-28006.33,-0.004168005760712748
2024-05,Phoenix-ETD,SpareParts,734965.0,737447.48,736082.12,2482.480000000025,-0.008204695403992213
2024-05,Phoenix-ETD,TestEquipment,897712.0,1058760.01,970183.6,161048.01,0.15400254580348088
2024-05,Phoenix-ETD,Tooling,707391.0,829443.21,762314.49,122052.20999999998,0.14353064337827476
2024-06,Atlas-Sustaining,Facilities,859964.0,849275.2,855154.05,-10688.799999999996,-0.05722468691672883
2024-06,Atlas-Sustaining,Fixtures,1043829.0,1092678.28,1065811.18,48849.28000000001,0.040782065373992885
2024-06,Atlas-Sustaining,IT/Network,716263.0,831491.96,768116.03,115228.95999999999,0.17743935578848738
2024-06,Atlas-Sustaining,SpareParts,402679.0,415166.72,408298.46,12487.719999999983,0.004767204014792098
2024-06,Atlas-Sustaining,TestEquipment,502864.0,468670.35,487476.85,-34193.65,-0.07579143739117362
2024-06,Atlas-Sustaining,Tooling,758940.0,718925.47,740933.46,-40014.53,-0.08288440398444112
2024-06,Helios-NewBay,Facilities,978208.0,1245963.9100000001,1098698.16,267755.91000000003,0.2820835454353794
2024-06,Helios-NewBay,Fixtures,603610.0,624208.99,612879.55,20598.990000000013,-0.010054477518011598
2024-06,Helios-NewBay,IT/Network,975039.0,957068.64,966952.35,-17970.360000000015,-0.03873735663072384
2024-06,Helios-NewBay,SpareParts,944812.0,861881.16,907493.1300000001,-82930.84000000003,-0.1126859374570723
2024-06,Helios-NewBay,TestEquipment,666534.0,663017.24,664951.45,-3516.7599999999948,-0.017662023869533746
2024-06,Helios-NewBay,Tooling,792429.0,710018.32,755344.19,-82410.68,-0.06650716894598349
2024-06,Nova-Upgrade,Facilities,529243.0,607133.54,564293.74,77890.54000000001,0.07095123259467172
2024-06,Nova-Upgrade,Fixtures,272007.0,218552.11,247952.3,-53454.890000000014,-0.1965202733753176
2024-06,Nova-Upgrade,IT/Network,1149681.0,1143528.48,1146912.35,-6152.519999999975,-0.03201773625168187
2024-06,Nova-Upgrade,SpareParts,931504.0,1048794.56,984284.75,117290.56,0.05558703353508643
2024-06,Nova-Upgrade,TestEquipment,984309.0,751398.5700000001,879499.3,-232910.43,-0.21181561121664824
2024-06,Nova-Upgrade,Tooling,1219406.0,1296096.82,1253916.8800000001,76690.82,-0.01904451223087565
2024-06,Orion-Ramp,Facilities,639157.0,618053.81,629660.56,-21103.190000000002,0.049149413868775825
2024-06,Orion-Ramp,Fixtures,794799.0,797416.0900000001,795976.6900000001,2617.090000000004,0.012354032737187945
2024-06,Orion-Ramp,IT/Network,676245.0,698810.02,686399.26,22565.020000000033,-0.03455561775217338
2024-06,Orion-Ramp,SpareParts,841563.0,800980.04,823300.6499999999,-40582.96000000001,-0.04273178595910444
2024-06,Orion-Ramp,TestEquipment,765516.0,826927.8,793151.31,61411.79999999999,0.07482075925930295
2024-06,Orion-Ramp,Tooling,1027338.0,1003360.51,1016548.13,-23977.49000000001,-0.06286113704724082
2024-06,Phoenix-ETD,Facilities,741420.0,907445.37,816131.42,166025.37000000002,0.20675169747657843
2024-06,Phoenix-ETD,Fixtures,741939.0,1002050.5900000001,858989.22,260111.59000000003,0.2850617130410944
2024-06,Phoenix-ETD,IT/Network,1184384.0,1175610.3599999999,1180435.87,-8773.639999999985,-0.015295213469657273
2024-06,Phoenix-ETD,SpareParts,941786.0,923390.24,933507.9,-18395.75999999998,-0.04638819253948521
2024-06,Phoenix-ETD,TestEquipment,643783.0,586718.06,618103.7799999999,-57064.93999999997,-0.04105435126736276
2024-06,Phoenix-ETD,Tooling,1163657.0,1238922.61,1197526.52,75265.61000000002,8.806448071441153e-06
2024-07,Atlas-Sustaining,Facilities,1156991.0,1116525.5,1138781.52,-40465.499999999985,-0.03314983312623827
2024-07,Atlas-Sustaining,Fixtures,731711.0,844032.95,782255.87,112321.94999999997,0.08653622873280424
2024-07,Atlas-Sustaining,IT/Network,194015.0,208204.97,200400.48,14189.969999999994,0.08451453667383098
2024-07,Atlas-Sustaining,SpareParts,751195.0,722350.6000000001,738215.01,-28844.39999999998,-0.004514494575000344
2024-07,Atlas-Sustaining,TestEquipment,357929.0,368689.36,362771.16,10760.35999999999,0.01508762395539751
2024-07,Atlas-Sustaining,Tooling,894450.0,979390.23,932673.1000000001,84940.23000000003,0.11687914875685539
2024-07,Helios-NewBay,Facilities,688655.0,593594.88,645877.94,-95060.12,-0.15643787827704486
2024-07,Helios-NewBay,Fixtures,618789.0,583703.57,603000.55,-35085.43000000002,-0.043082589632869366
2024-07,Helios-NewBay,IT/Network,1318836.0,1346720.94,1331384.22,27884.940000000002,0.013001241388989948
2024-07,Helios-NewBay,SpareParts,921242.0,819986.04,875676.8200000001,-101255.95999999998,-0.07554018930631323
2024-07,Helios-NewBay,TestEquipment,1047676.0,1194684.49,1113829.81,147008.49000000002,0.10753287143573766
2024-07,Helios-NewBay,Tooling,641648.0,646443.24,643805.86,4795.239999999994,-0.05495157570440166
2024-07,Nova-Upgrade,Facilities,739766.0,682191.2,713857.3400000001,-57574.8,-0.049882174179302644
2024-07,Nova-Upgrade,Fixtures,637270.0,675444.8400000001,654448.6799999999,38174.84000000003,0.11633076121399996
2024-07,Nova-Upgrade,IT/Network,838411.0,907583.8600000001,869538.79,69172.86000000004,0.11459805897453501
2024-07,Nova-Upgrade,SpareParts,760066.0,752865.4,756825.72,-7200.600000000013,0.08691468863109165
2024-07,Nova-Upgrade,TestEquipment,934595.0,996691.51,962538.4400000001,62096.509999999995,0.051383253375408056
2024-07,Nova-Upgrade,Tooling,651266.0,623074.9299999999,638580.01,-28191.07,0.02529085540912456
2024-07,Orion-Ramp,Facilities,1072296.0,1071432.22,1071907.3,-863.7799999999916,-0.0376513147955797
2024-07,Orion-Ramp,Fixtures,422650.0,423959.80000000005,423239.41000000003,1309.800000000032,-0.012943066995332042
2024-07,Orion-Ramp,IT/Network,451288.0,379413.19000000006,418944.32,-71874.80999999997,-0.0538716786930333
2024-07,Orion-Ramp,SpareParts,974511.0,1059136.66,1012592.54,84625.66,0.058241560389312455
2024-07,Orion-Ramp,TestEquipment,627345.0,616475.26,622453.61,-10869.740000000005,-0.026610204992947917
2024-07,Orion-Ramp,Tooling,830104.0,904720.25,863681.32,74616.24999999997,0.06106684821962629
2024-07,Phoenix-ETD,Facilities,501551.0,551215.55,523900.05999999994,49664.55000000001,0.09375145134057114
2024-07,Phoenix-ETD,Fixtures,995925.0,944620.09,972837.79,-51304.91000000003,-0.05966481271922535
2024-07,Phoenix-ETD,IT/Network,390439.0,382689.72,386951.83,-7749.279999999999,0.005777258596793258
2024-07,Phoenix-ETD,SpareParts,948300.0,1009790.54,975970.75,61490.54000000002,0.004796567794388228
2024-07,Phoenix-ETD,TestEquipment,456906.0,455462.6,456256.47,-1443.4000000000087,0.033094107194243556
2024-07,Phoenix-ETD,Tooling,1355625.0,1244064.8,1305422.91,-111560.19999999998,-0.07737313885552223
2024-08,Atlas-Sustaining,Facilities,831501.0,832036.52,831741.97,535.5199999999968,0.02358977172009717
2024-08,Atlas-Sustaining,Fixtures,692377.0,677040.1,685475.4,-15336.900000000038,0.0021893913225977035
2024-08,Atlas-Sustaining,IT/Network,795130.0,769098.33,783415.75,-26031.670000000002,-0.0081107889008064
2024-08,Atlas-Sustaining,SpareParts,806094.0,847796.24,824860.0,41702.23999999999,0.06804522479421107
2024-08,Atlas-Sustaining,TestEquipment,867955.0,804674.07,839478.59,-63280.930000000015,-0.06848791659434819
2024-08,Atlas-Sustaining,Tooling,55617.0,50624.14,53370.21,-4992.859999999999,-0.07723619458704109
2024-08,Helios-NewBay,Facilities,467721.0,447807.19,458759.78,-19913.81000000001,-0.0660496166648846
2024-08,Helios-NewBay,Fixtures,874461.0,1054235.02,955359.3200000001,179774.01999999996,0.19992889346277623
2024-08,Helios-NewBay,IT/Network,857855.0,972908.26,909628.96,115053.26000000001,0.10612266640176546
2024-08,Helios-NewBay,SpareParts,482023.0,487262.71,484380.87,5239.710000000006,-1.9297293533417775e-05
2024-08,Helios-NewBay,TestEquipment,1141145.0,1207345.55,1170935.25,66200.54999999999,0.05397134481590813
2024-08,Helios-NewBay,Tooling,599507.0,618949.3999999999,608256.08,19442.39999999998,0.015064975421558765
2024-08,Nova-Upgrade,Facilities,983108.0,959554.78,972509.0499999999,-23553.219999999994,-0.03513079341329263
2024-08,Nova-Upgrade,Fixtures,529293.0,563541.04,544704.63,34248.040000000015,0.014004090936775066
2024-08,Nova-Upgrade,IT/Network,492382.0,495399.95,493740.07,3017.95000000003,-0.055095017927282705
2024-08,Nova-Upgrade,SpareParts,604017.0,637930.54,619278.0900000001,33913.54000000001,0.041403857409521225
2024-08,Nova-Upgrade,TestEquipment,796739.0,879010.0800000001,833760.99,82271.08000000002,0.0485544131673227
2024-08,Nova-Upgrade,Tooling,1015094.0,1036949.6799999999,1024929.05,21855.679999999993,0.008875315118761157
2024-08,Orion-Ramp,Facilities,784770.0,749324.42,768819.49,-35445.57999999999,-0.09361439539710678
2024-08,Orion-Ramp,Fixtures,1180044.0,1211410.31,1194158.8399999999,31366.310000000005,0.034157465530330645
2024-08,Orion-Ramp,IT/Network,643859.0,601761.21,624914.99,-42097.78999999998,-0.062481254405571555
2024-08,Orion-Ramp,SpareParts,817414.0,903112.27,855978.21,85698.26999999999,0.0968364311405054
2024-08,Orion-Ramp,TestEquipment,1248639.0,1353112.58,1295652.11,104473.58000000002,0.057191142090033585
2024-08,Orion-Ramp,Tooling,425885.0,444380.94999999995,434208.18,18495.949999999983,0.03496952072197873
2024-08,Phoenix-ETD,Facilities,909542.0,960458.22,932454.3,50916.219999999965,0.044537796158371466
2024-08,Phoenix-ETD,Fixtures,851348.0,800017.37,828249.22,-51330.630000000005,0.008148772436959897
2024-08,Phoenix-ETD,IT/Network,465174.0,475176.52,469675.14,10002.51999999999,-0.002404370334600732
2024-08,Phoenix-ETD,SpareParts,932970.0,970385.87,949807.14,37415.869999999995,0.04390255230033928
2024-08,Phoenix-ETD,TestEquipment,354488.0,358106.01,356116.11,3618.0099999999948,0.01886910562828873
2024-08,Phoenix-ETD,Tooling,1136759.0,1006861.47,1078305.1,-129897.53000000001,-0.04793432653192135
2024-09,Atlas-Sustaining,Facilities,465948.0,499548.95,481068.43000000005,33600.95000000002,0.08724450408664733
2024-09,Atlas-Sustaining,Fixtures,1415123.0,1492108.25,1449766.37,76985.25,0.0394405278983055
2024-09,Atlas-Sustaining,IT/Network,188807.0,151583.25,172056.31,-37223.75,-0.1971523831213885
2024-09,Atlas-Sustaining,SpareParts,548894.0,519911.99,535852.09,-28982.010000000002,-0.0804057818654158
2024-09,Atlas-Sustaining,TestEquipment,760001.0,851767.12,801295.76,91766.12000000001,0.09549951570598127
2024-09,Atlas-Sustaining,Tooling,1469947.0,1408418.66,1442259.25,-61528.34,-0.0197861390847095
2024-09,Helios-NewBay,Facilities,818181.0,772178.8400000001,797480.03,-46002.15999999999,-0.057319445266076366
2024-09,Helios-NewBay,Fixtures,285568.0,260395.0,274240.15,-25173.000000000007,0.01229405116987134
2024-09,Helios-NewBay,IT/Network,1233371.0,1226245.1,1230164.3399999999,-7125.89999999998,-0.012208906730965497
2024-09,Helios-NewBay,SpareParts,801760.0,878718.02,836391.1,76958.02000000005,0.06702091307460346
2024-09,Helios-NewBay,TestEquipment,475696.0,475988.12,475827.45,292.11999999996624,0.006600823859930174
2024-09,Helios-NewBay,Tooling,1345410.0,1378121.3599999999,1360130.13,32711.359999999942,0.049814148163166726
2024-09,Nova-Upgrade,Facilities,976919.0,1058654.25,1013699.85,81735.24999999999,0.08329209036160783
2024-09,Nova-Upgrade,Fixtures,1075808.0,1069967.3,1073179.68,-5840.699999999993,0.00895539670122073
2024-09,Nova-Upgrade,IT/Network,345470.0,323917.89,335771.55000000005,-21552.109999999993,-0.034981313515624474
2024-09,Nova-Upgrade,SpareParts,297022.0,291810.36000000004,294676.77,-5211.639999999992,-0.04292946247751334
2024-09,Nova-Upgrade,TestEquipment,623851.0,623280.6,623594.31,-570.4000000000087,0.05333525628999471
2024-09,Nova-Upgrade,Tooling,1035912.0,902421.97,975841.49,-133490.02999999997,-0.13075390620122476
2024-09,Orion-Ramp,Facilities,1119481.0,969330.14,1051913.1,-150150.85999999996,-0.11535946229012344
2024-09,Orion-Ramp,Fixtures,1043347.0,1097290.84,1067621.73,53943.840000000026,0.09949806160382312
2024-09,Orion-Ramp,IT/Network,1172240.0,1164164.13,1168605.8599999999,-8075.869999999995,-0.020423122398799884
2024-09,Orion-Ramp,SpareParts,901018.0,859751.69,882448.16,-41266.31,-0.0301255994393999
2024-09,Orion-Ramp,TestEquipment,367690.0,357614.75,363156.15,-10075.250000000004,0.010701380857014808
2024-09,Orion-Ramp,Tooling,590588.0,724970.93,651060.32,134382.93000000002,0.19765139736927512
2024-09,Phoenix-ETD,Facilities,1098779.0,1125588.49,1110843.26,26809.49000000002,0.01085451301415978
2024-09,Phoenix-ETD,Fixtures,699686.0,741625.68,718558.8600000001,41939.68000000004,0.03918047028936245
2024-09,Phoenix-ETD,IT/Network,695891.0,652231.34,676244.16,-43659.66,-0.06585864653046247
2024-09,Phoenix-ETD,SpareParts,1118548.0,1024309.66,1076140.75,-94238.34,-0.07415633129426925
2024-09,Phoenix-ETD,TestEquipment,675817.0,793804.64,728911.43,117987.63999999998,0.12165194873017496
2024-09,Phoenix-ETD,Tooling,1157722.0,1075679.8,1120803.01,-82042.2,-0.050035454160893535
2024-10,Atlas-Sustaining,Facilities,594754.0,669668.83,628465.68,74914.82999999996,0.08409696063696877
2024-10,Atlas-Sustaining,Fixtures,786048.0,711914.44,752687.9,-74133.56000000003,-0.04377816009261547
2024-10,Atlas-Sustaining,IT/Network,356688.0,296424.8,329569.56,-60263.2,-0.11211799006558054
2024-10,Atlas-Sustaining,SpareParts,1349675.0,1393630.42,1369454.93,43955.42,0.015498543496550677
2024-10,Atlas-Sustaining,TestEquipment,1108182.0,1243720.1400000001,1169174.15,135538.13999999998,0.12030694463783136
2024-10,Atlas-Sustaining,Tooling,1123698.0,1118940.15,1121556.97,-4757.8499999999985,-0.015040153110940101
2024-10,Helios-NewBay,Facilities,870131.0,793395.52,835600.03,-76735.48000000003,-0.11112439162556513
2024-10,Helios-NewBay,Fixtures,1067943.0,1107395.63,1085696.67,39452.63000000002,-0.006558662082732715
2024-10,Helios-NewBay,IT/Network,574215.0,649277.84,607993.27,75062.84,-0.018882828625580876
2024-10,Helios-NewBay,SpareParts,354035.0,396497.65,373143.19999999995,42462.65000000001,0.12466450113705552
2024-10,Helios-NewBay,TestEquipment,791167.0,923626.27,850773.66,132459.27,0.17314397450798277
2024-10,Helios-NewBay,Tooling,1025267.0,1066275.56,1043720.85,41008.55999999997,0.007194395578351237
2024-10,Nova-Upgrade,Facilities,713906.0,714928.91,714366.3099999999,1022.910000000018,0.007960512041459627
2024-10,Nova-Upgrade,Fixtures,716189.0,823635.65,764539.99,107446.65,0.13278660209245274
2024-10,Nova-Upgrade,IT/Network,605559.0,601222.11,603607.39,-4336.890000000003,-0.03683116511617423
2024-10,Nova-Upgrade,SpareParts,820179.0,754672.62,790701.12,-65506.38000000001,-0.09402855564361717
2024-10,Nova-Upgrade,TestEquipment,597313.0,724847.95,654703.72,127534.94999999995,0.09700902555182556
2024-10,Nova-Upgrade,Tooling,888463.0,878287.77,883884.1400000001,-10175.229999999974,-0.02992484099483108
2024-10,Orion-Ramp,Facilities,1074720.0,1094748.35,1083732.77,20028.35000000002,0.027865371132804906
2024-10,Orion-Ramp,Fixtures,1034447.0,1012316.47,1024488.26,-22130.529999999984,0.030670129598608892
2024-10,Orion-Ramp,IT/Network,484115.0,468136.52,476924.68,-15978.479999999981,0.011354818840336643
2024-10,Orion-Ramp,SpareParts,402788.0,415236.55,408389.83999999997,12448.549999999988,0.05632662887842687
2024-10,Orion-Ramp,TestEquipment,740416.0,714148.4,728595.5700000001,-26267.600000000006,-0.03371164378718719
2024-10,Orion-Ramp,Tooling,822850.0,827305.47,824854.96,4455.469999999972,0.03275617919335024
2024-10,Phoenix-ETD,Facilities,472577.0,407447.42000000004,443268.7,-65129.57999999999,-0.11984783979020414
2024-10,Phoenix-ETD,Fixtures,912586.0,847152.8300000001,883141.0800000001,-65433.169999999984,-0.050687535314406285
2024-10,Phoenix-ETD,IT/Network,819726.0,816475.91,818263.45,-3250.08999999996,-0.03640762891256662
2024-10,Phoenix-ETD,SpareParts,647296.0,652731.05,649741.77,5435.049999999988,0.023706089222902155
2024-10,Phoenix-ETD,TestEquipment,878555.0,752192.62,821691.92,-126362.37999999998,-0.10967693290094256
2024-10,Phoenix-ETD,Tooling,1090008.0,979246.79,1040165.46,-110761.21000000002,-0.061901691680363524
2024-11,Atlas-Sustaining,Facilities,664965.0,545134.5,611041.28,-119830.5,-0.13500873110781406
2024-11,Atlas-Sustaining,Fixtures,1095315.0,1230626.7999999998,1156205.32,135311.79999999993,0.07090305080385212
2024-11,Atlas-Sustaining,IT/Network,865492.0,938065.02,898149.86,72573.02,0.03765469215247853
2024-11,Atlas-Sustaining,SpareParts,381919.0,514134.55,441416.0,132215.55,0.22799100090297653
2024-11,Atlas-Sustaining,TestEquipment,1226582.0,1298844.01,1259099.9,72262.01000000004,0.04786456039315148
2024-11,Atlas-Sustaining,Tooling,803282.0,803268.4400000001,803275.8899999999,-13.559999999975844,0.050281539546149875
2024-11,Helios-NewBay,Facilities,508882.0,430888.05000000005,473784.72,-77993.94999999998,-0.08769539319955569
2024-11,Helios-NewBay,Fixtures,879865.0,968300.07,919660.77,88435.06999999995,0.09207915879987084
2024-11,Helios-NewBay,IT/Network,391369.0,415301.57,402138.66,23932.570000000007,0.07966317944205824
2024-11,Helios-NewBay,SpareParts,706196.0,670734.7,690238.43,-35461.30000000003,-0.05992419263992298
2024-11,Helios-NewBay,TestEquipment,794379.0,825894.38,808560.9299999999,31515.379999999997,0.013233348679736922
2024-11,Helios-NewBay,Tooling,933533.0,983707.72,956111.62,50174.720000000016,0.06010811379276659
2024-11,Nova-Upgrade,Facilities,1416556.0,1449082.04,1431192.71,32526.040000000023,0.018280995015330925
2024-11,Nova-Upgrade,Fixtures,689394.0,763607.11,722789.9,74213.11000000003,0.07229207314482584
2024-11,Nova-Upgrade,IT/Network,681202.0,584386.13,637634.86,-96815.86999999998,-0.0766816505390866
2024-11,Nova-Upgrade,SpareParts,537171.0,450767.39,498289.37,-86403.60999999999,-0.09083384301097429
2024-11,Nova-Upgrade,TestEquipment,677993.0,665925.2000000001,672562.48,-12067.799999999981,0.04309635867125363
2024-11,Nova-Upgrade,Tooling,705725.0,693941.72,700422.52,-11783.279999999999,0.010135684774822133
2024-11,Orion-Ramp,Facilities,452390.0,474290.42000000004,462245.19,21900.420000000013,0.041348408034549124
2024-11,Orion-Ramp,Fixtures,1087689.0,1061767.57,1076024.3499999999,-25921.429999999993,0.01918005753916337
2024-11,Orion-Ramp,IT/Network,1186642.0,1279464.33,1228412.06,92822.33,0.06066624891322868
2024-11,Orion-Ramp,SpareParts,1086296.0,992022.5,1043872.91,-94273.50000000001,-0.05965194960125122
2024-11,Orion-Ramp,TestEquipment,1068858.0,912035.24,998287.76,-156822.76,-0.035270083231220876
2024-11,Orion-Ramp,Tooling,773370.0,850921.55,808268.19,77551.55000000002,0.09974017982071726
2024-11,Phoenix-ETD,Facilities,1221062.0,1232127.39,1226041.44,11065.389999999985,0.0032228155133840843
2024-11,Phoenix-ETD,Fixtures,702172.0,713922.31,707459.64,11750.310000000012,0.017237210846610673
2024-11,Phoenix-ETD,IT/Network,823176.0,892682.17,854453.79,69506.17000000001,0.11682374609695834
2024-11,Phoenix-ETD,SpareParts,574306.0,668443.38,616667.8200000001,94137.38,0.13840493847002686
2024-11,Phoenix-ETD,TestEquipment,856059.0,865352.59,860241.1100000001,9293.589999999967,0.07590426396198342
2024-11,Phoenix-ETD,Tooling,796071.0,800027.01,797851.19,3956.0099999999948,-0.005122838148360745
2024-12,Atlas-Sustaining,Facilities,1069351.0,1075087.7,1071932.52,5736.6999999999825,-0.009482556262898423
2024-12,Atlas-Sustaining,Fixtures,1166633.0,1139977.72,1154638.13,-26655.279999999977,0.005433274887062374
2024-12,Atlas-Sustaining,IT/Network,544411.0,538565.65,541780.6,-5845.35000000004,-0.0691144640161454
2024-12,Atlas-Sustaining,SpareParts,717261.0,673903.85,697750.28,-43357.149999999965,-0.07413207313583078
2024-12,Atlas-Sustaining,TestEquipment,660672.0,634358.6100000001,648830.98,-26313.389999999985,0.03987634071717729
2024-12,Atlas-Sustaining,Tooling,412348.0,425839.01,418418.95,13491.009999999995,0.02631348824150734
2024-12,Helios-NewBay,Facilities,344626.0,315949.56,331721.6,-28676.44000000001,-0.027300785709586328
2024-12,Helios-NewBay,Fixtures,570163.0,535138.02,554401.77,-35024.98,-0.06551139836095086
2024-12,Helios-NewBay,IT/Network,427054.0,414886.06999999995,421578.43,-12167.930000000022,-0.019835657261378453
2024-12,Helios-NewBay,SpareParts,402584.0,422585.67,411584.75,20001.669999999995,0.05100058393986971
2024-12,Helios-NewBay,TestEquipment,1269113.0,1309811.54,1287427.33,40698.539999999986,0.0024161324913491524
2024-12,Helios-NewBay,Tooling,993100.0,996352.29,994563.53,3252.290000000048,-0.014477614006437167
2024-12,Nova-Upgrade,Facilities,786882.0,794321.0599999999,790229.57,7439.059999999976,0.03814366319033179
2024-12,Nova-Upgrade,Fixtures,651330.0,633024.87,643092.69,-18305.13000000002,0.003830128395446908
2024-12,Nova-Upgrade,IT/Network,1119549.0,1149694.0499999998,1133114.27,30145.04999999999,0.020828041104864782
2024-12,Nova-Upgrade,SpareParts,879822.0,907060.8200000001,892079.4600000001,27238.820000000007,0.07129967404169212
2024-12,Nova-Upgrade,TestEquipment,755802.0,720289.0800000001,739821.19,-35512.919999999984,-0.0027704587328224507
2024-12,Nova-Upgrade,Tooling,731932.0,638275.23,689786.4600000001,-93656.77000000002,-0.08928945261885064
2024-12,Orion-Ramp,Facilities,743821.0,637255.95,695866.74,-106565.05000000002,-0.12390839272545144
2024-12,Orion-Ramp,Fixtures,1091877.0,1037954.79,1067612.0,-53922.21000000002,-0.06923455645597622
2024-12,Orion-Ramp,IT/Network,1209056.0,1187596.09,1199399.04,-21459.90999999998,-0.030011964474092063
2024-12,Orion-Ramp,SpareParts,292511.0,318476.85,304195.63,25965.84999999999,0.06498870025445734
2024-12,Orion-Ramp,TestEquipment,583476.0,597442.93,589761.12,13966.930000000018,-0.002437971636775717
2024-12,Orion-Ramp,Tooling,924523.0,875007.0900000001,902240.85,-49515.909999999974,-0.09111368407869529
2024-12,Phoenix-ETD,Facilities,590970.0,527318.27,562326.72,-63651.730000000025,-0.07531921943940208
2024-12,Phoenix-ETD,Fixtures,434371.0,349802.47,396315.15,-84568.53,-0.10754356982700841
2024-12,Phoenix-ETD,IT/Network,691107.0,616780.61,657660.13,-74326.39000000001,-0.08820716311139824
2024-12,Phoenix-ETD,SpareParts,551612.0,544706.52,548504.54,-6905.480000000003,-0.04769508177251349
2024-12,Phoenix-ETD,TestEquipment,1158471.0,1206083.3699999999,1179896.57,47612.37,0.04618333209732363
2024-12,Phoenix-ETD,Tooling,473398.0,452953.02,464197.76,-20444.98000000001,-0.028862125251141554
2025-01,Atlas-Sustaining,Facilities,1453938.0,1462400.21,1457745.99,8462.210000000014,0.005826176005194984
2025-01,Atlas-Sustaining,Fixtures,249416.0,273720.34,260352.96000000002,24304.34000000001,0.08451976541464087
2025-01,Atlas-Sustaining,IT/Network,1202860.0,1202477.28,1202687.78,-382.72000000003027,-0.0019100181130466075
2025-01,Atlas-Sustaining,SpareParts,994269.0,1176757.71,1076388.92,182488.71000000002,0.15584653331033843
2025-01,Atlas-Sustaining,TestEquipment,778132.0,769536.9,774264.2,-8595.100000000024,-0.031066574857722934
2025-01,Atlas-Sustaining,Tooling,1027897.0,1073154.47,1048262.86,45257.47000000001,0.05120137858874609
2025-01,Helios-NewBay,Facilities,430268.0,429135.52999999997,429758.39,-1132.4700000000084,-0.001435279257050832
2025-01,Helios-NewBay,Fixtures,791486.0,757199.13,776056.8999999999,-34286.86999999998,-0.061382566973226305
2025-01,Helios-NewBay,IT/Network,257613.0,267551.38,262085.27000000002,9938.380000000008,-0.02154268839376759
2025-01,Helios-NewBay,SpareParts,1237069.0,1173945.08,1208663.24,-63123.92,-0.06343064130274877
2025-01,Helios-NewBay,TestEquipment,652807.0,611249.44,634106.1,-41557.56,-0.07425885851908126
2025-01,Helios-NewBay,Tooling,978547.0,976023.9,977411.6,-2523.099999999962,0.03062093854399133
2025-01,Nova-Upgrade,Facilities,454555.0,538147.9299999999,492171.82,83592.93,0.18287077632753287
2025-01,Nova-Upgrade,Fixtures,991652.0,1097423.6099999999,1039249.23,105771.60999999999,0.09904301205494168
2025-01,Nova-Upgrade,IT/Network,967579.0,1027448.01,994520.0599999999,59869.009999999995,0.10569500993787034
2025-01,Nova-Upgrade,SpareParts,830029.0,949652.28,883859.47,119623.28,0.14827418695672462
2025-01,Nova-Upgrade,TestEquipment,935056.0,1058627.59,990663.23,123571.59000000003,0.1323517380359863
2025-01,Nova-Upgrade,Tooling,952571.0,965580.3600000001,958425.21,13009.360000000052,0.01509823452778783
2025-01,Orion-Ramp,Facilities,1233407.0,1311033.33,1268338.8399999999,77626.33000000002,0.09307522284426516
2025-01,Orion-Ramp,Fixtures,443114.0,450022.9,446223.0,6908.899999999994,-0.013975924322117908
2025-01,Orion-Ramp,IT/Network,782219.0,823541.63,800814.19,41322.630000000005,0.024051754194767756
2025-01,Orion-Ramp,SpareParts,768896.0,777960.8200000001,772975.1699999999,9064.819999999992,0.018205848258037123
2025-01,Orion-Ramp,TestEquipment,633605.0,593813.16,615698.67,-39791.840000000004,-0.079085614644773
2025-01,Orion-Ramp,Tooling,969172.0,1014903.5599999999,989751.21,45731.55999999998,0.026240553130604072
2025-01,Phoenix-ETD,Facilities,557072.0,590053.24,571913.56,32981.240000000005,0.08975616462130953
2025-01,Phoenix-ETD,Fixtures,573294.0,622029.04,595224.77,48735.04000000001,0.059438371936320095
2025-01,Phoenix-ETD,IT/Network,936153.0,901726.1799999999,920660.9299999999,-34426.81999999999,-0.02343566316250634
2025-01,Phoenix-ETD,SpareParts,1170084.0,1170093.78,1170088.4,9.779999999998836,0.0051496067661693035
2025-01,Phoenix-ETD,TestEquipment,1032576.0,1036429.59,1034310.12,3853.5899999999965,-0.010146113245696451
2025-01,Phoenix-ETD,Tooling,448553.0,420778.66,436054.55,-27774.34000000002,-0.005232419292685882
2025-02,Atlas-Sustaining,Facilities,849127.0,876667.9,861520.4,27540.9,0.0158601050266674
2025-02,Atlas-Sustaining,Fixtures,742007.0,808653.78,771998.06,66646.77999999998,0.014330267022845252
2025-02,Atlas-Sustaining,IT/Network,934170.0,999119.6799999999,963397.3500000001,64949.67999999999,0.04259000933009566
2025-02,Atlas-Sustaining,SpareParts,783467.0,814603.38,797478.37,31136.37999999999,0.03604781231727276
2025-02,Atlas-Sustaining,TestEquipment,526796.0,518197.63999999996,522926.73,-8598.36,-0.003238393062743728
2025-02,Atlas-Sustaining,Tooling,923595.0,908236.81,916683.8200000001,-15358.190000000017,0.06467681663554695
2025-02,Helios-NewBay,Facilities,1404366.0,1439891.62,1420352.53,35525.61999999998,0.026803968883166083
2025-02,Helios-NewBay,Fixtures,850406.0,805774.31,830321.74,-44631.69,-0.03095892165968238
2025-02,Helios-NewBay,IT/Network,787498.0,834732.68,808753.6000000001,47234.68000000001,0.019892938112191883
2025-02,Helios-NewBay,SpareParts,480491.0,451904.92000000004,467627.26,-28586.079999999987,-0.04881236637907281
2025-02,Helios-NewBay,TestEquipment,928159.0,1088580.08,1000348.48,160421.08,0.1668558157114041
2025-02,Helios-NewBay,Tooling,800614.0,869023.4,831398.24,68409.39999999998,0.10061943597555395
2025-02,Nova-Upgrade,Facilities,560105.0,658076.66,604192.25,97971.66,0.136420258659129
2025-02,Nova-Upgrade,Fixtures,873054.0,822279.7,850205.58,-50774.30000000002,-0.05246463021039152
2025-02,Nova-Upgrade,IT/Network,1742265.0,1757167.31,1748971.05,14902.309999999969,0.013573239187461636
2025-02,Nova-Upgrade,SpareParts,831461.0,877519.78,852187.46,46058.779999999984,-0.01885197556422121
2025-02,Nova-Upgrade,TestEquipment,924583.0,972705.55,946238.15,48122.55000000002,0.0492927068917325
2025-02,Nova-Upgrade,Tooling,828821.0,822828.8,826124.5,-5992.1999999999825,-0.008333632177802449
2025-02,Orion-Ramp,Facilities,865215.0,870346.37,867524.11,5131.370000000024,0.005645327516801628
2025-02,Orion-Ramp,Fixtures,691159.0,735223.35,710987.96,44064.34999999998,0.06944923240255016
2025-02,Orion-Ramp,IT/Network,815843.0,783462.99,801272.01,-32380.009999999966,-0.04128759233461577
2025-02,Orion-Ramp,SpareParts,263754.0,270913.01,266975.56,7159.009999999995,0.010305106554165031
2025-02,Orion-Ramp,TestEquipment,1076035.0,1161628.9,1114552.25,85593.9,0.06692709895613207
2025-02,Orion-Ramp,Tooling,792769.0,720271.9099999999,760145.31,-72497.09000000003,-0.02987011489703097
2025-02,Phoenix-ETD,Facilities,822319.0,862677.2000000001,840480.1900000001,40358.20000000001,0.016360631230465127
2025-02,Phoenix-ETD,Fixtures,885996.0,936797.7200000001,908856.79,50801.72000000003,0.0054227471278219
2025-02,Phoenix-ETD,IT/Network,750278.0,719641.26,736491.47,-30636.73999999999,-0.036520156900555885
2025-02,Phoenix-ETD,SpareParts,401970.0,385675.0,394637.24,-16294.999999999993,-0.09759128551120211
2025-02,Phoenix-ETD,TestEquipment,1005379.0,1022685.07,1013166.72,17306.06999999995,-0.005882111152573026
2025-02,Phoenix-ETD,Tooling,261903.0,282849.16000000003,271328.77,20946.16000000001,0.10187987961435253
2025-03,Atlas-Sustaining,Facilities,808078.0,785323.8,797838.61,-22754.2,0.0013823272058765337
2025-03,Atlas-Sustaining,Fixtures,921644.0,992952.98,953733.0499999999,71308.98,0.08389834402262744
2025-03,Atlas-Sustaining,IT/Network,1376691.0,1488621.72,1427059.8399999999,111930.71999999997,0.05091330768366349
2025-03,Atlas-Sustaining,SpareParts,651636.0,664390.33,657375.45,12754.329999999969,0.0337176849163844
2025-03,Atlas-Sustaining,TestEquipment,721555.0,711576.8899999999,717064.85,-9978.110000000022,-0.06235261732511181
2025-03,Atlas-Sustaining,Tooling,705878.0,581245.23,649793.26,-124632.76999999999,-0.1422338760841717
2025-03,Helios-NewBay,Facilities,1267340.0,1368026.25,1312648.79,100686.24999999999,0.04593649811987492
2025-03,Helios-NewBay,Fixtures,981584.0,984963.12,983104.61,3379.1200000000063,0.02684511952843204
2025-03,Helios-NewBay,IT/Network,332504.0,312600.57,323547.45999999996,-19903.429999999993,-0.05945720103208098
2025-03,Helios-NewBay,SpareParts,595082.0,605778.6799999999,599895.5,10696.679999999993,-0.00438444677067313
2025-03,Helios-NewBay,TestEquipment,848113.0,836840.24,843040.25,-11272.759999999995,-0.03192940559222601
2025-03,Helios-NewBay,Tooling,761248.0,728582.75,746548.64,-32665.25,-0.006821767356531267
2025-03,Nova-Upgrade,Facilities,758082.0,735573.4099999999,747953.13,-22508.59000000001,0.006100440198013566
2025-03,Nova-Upgrade,Fixtures,279012.0,285456.8,281912.17,6444.800000000001,-0.04955951075280886
2025-03,Nova-Upgrade,IT/Network,620320.0,635729.26,627254.1699999999,15409.259999999995,0.026754524556979506
2025-03,Nova-Upgrade,SpareParts,994838.0,928538.0800000001,965003.03,-66299.92,-0.06515918933531718
2025-03,Nova-Upgrade,TestEquipment,1118909.0,1131715.8699999999,1124672.08,12806.869999999937,-0.017028688529112188
2025-03,Nova-Upgrade,Tooling,796723.0,804820.71,800366.97,8097.710000000021,0.0004171031187484289
2025-03,Orion-Ramp,Facilities,727504.0,815207.49,766970.57,87703.48999999999,0.004238445984034583
2025-03,Orion-Ramp,Fixtures,562739.0,449513.68,511787.61,-113225.32000000002,-0.09358917996659825
2025-03,Orion-Ramp,IT/Network,1703722.0,1738464.3399999999,1719356.05,34742.33999999998,-0.005775165144665369
2025-03,Orion-Ramp,SpareParts,839080.0,833426.62,836535.99,-5653.380000000012,0.0351939513610534
2025-03,Orion-Ramp,TestEquipment,1289621.0,1198155.3199999998,1248461.44,-91465.68000000002,-0.08712466905376735
2025-03,Orion-Ramp,Tooling,154920.0,137423.32,147046.49,-17496.679999999993,-0.11294009811515617
2025-03,Phoenix-ETD,Facilities,906663.0,1016355.6099999999,956024.67,109692.60999999996,0.11987692208153566
2025-03,Phoenix-ETD,Fixtures,296195.0,263689.87,281567.69,-32505.130000000005,-0.11031231068300162
2025-03,Phoenix-ETD,IT/Network,699157.0,749922.01,722001.26,50765.00999999998,0.07037484992955645
2025-03,Phoenix-ETD,SpareParts,291945.0,259690.56,277430.5,-32254.440000000002,0.0049326055843368355
2025-03,Phoenix-ETD,TestEquipment,562089.0,487926.45,528715.85,-74162.55,-0.061603299113602406
2025-03,Phoenix-ETD,Tooling,1341932.0,1445985.38,1388756.02,104053.38,0.055939751739220334
2025-04,Atlas-Sustaining,Facilities,535245.0,534025.32,534696.14,-1219.6800000000076,0.0013431174950888237
2025-04,Atlas-Sustaining,Fixtures,793098.0,770334.5900000001,782854.47,-22763.40999999996,-0.023553168023463758
2025-04,Atlas-Sustaining,IT/Network,729813.0,807764.41,764891.1399999999,77951.41000000002,0.09730867838818669
2025-04,Atlas-Sustaining,SpareParts,905907.0,977463.37,938107.37,71556.37,0.06190193663164026
2025-04,Atlas-Sustaining,TestEquipment,856074.0,840675.5800000001,849144.71,-15398.419999999995,-0.030303535538607197
2025-04,Atlas-Sustaining,Tooling,675519.0,674532.13,675074.91,-986.8699999999953,-0.0012893694993399874
2025-04,Helios-NewBay,Facilities,1204886.0,1292384.59,1244260.3599999999,87498.59,0.05566918977394004
2025-04,Helios-NewBay,Fixtures,531231.0,500491.75,517398.35,-30739.24999999998,0.0013228611607962043
2025-04,Helios-NewBay,IT/Network,702855.0,706101.6,704315.98,3246.599999999984,-0.005735851988252452
2025-04,Helios-NewBay,SpareParts,524667.0,516408.17,520950.53,-8258.830000000016,-0.02457479942349097
2025-04,Helios-NewBay,TestEquipment,632052.0,633824.1799999999,632849.49,1772.1799999999967,0.00571509745989083
2025-04,Helios-NewBay,Tooling,546739.0,570594.47,557473.96,23855.47000000001,0.0688911214791807
2025-04,Nova-Upgrade,Facilities,1029565.0,1160994.87,1088708.44,131429.86999999997,0.11471928590337253
2025-04,Nova-Upgrade,Fixtures,298201.0,316234.83,306316.22,18033.82999999999,-0.08934686282958147
2025-04,Nova-Upgrade,IT/Network,1091296.0,1171211.04,1127257.77,79915.04000000001,0.06275303818536496
2025-04,Nova-Upgrade,SpareParts,1427671.0,1502348.19,1461275.73,74677.19000000002,0.03536778369277645
2025-04,Nova-Upgrade,TestEquipment,839992.0,888068.75,861626.53,48076.75000000001,0.060202405228252286
2025-04,Nova-Upgrade,Tooling,1109635.0,1142645.1600000001,1124489.57,33010.16000000003,0.022178366972590645
2025-04,Orion-Ramp,Facilities,935188.0,980516.56,955585.8500000001,45328.56,0.04379909532928859
2025-04,Orion-Ramp,Fixtures,1149955.0,1232346.22,1187031.05,82391.22,0.042308383228930484
2025-04,Orion-Ramp,IT/Network,263603.0,253522.02000000002,259066.55,-10080.979999999996,-0.036010936504959075
2025-04,Orion-Ramp,SpareParts,947349.0,999663.54,970890.53,52314.54000000001,0.050924473466517
2025-04,Orion-Ramp,TestEquipment,916961.0,945454.3300000001,929783.0,28493.33000000002,-0.0034349148808935728
2025-04,Orion-Ramp,Tooling,1033633.0,1094361.02,1060960.6099999999,60728.020000000026,0.0619361625511826
2025-04,Phoenix-ETD,Facilities,292040.0,309630.15,299955.57,17590.149999999998,0.007169330292608439
2025-04,Phoenix-ETD,Fixtures,561220.0,549321.21,555865.55,-11898.79000000001,-0.026803042720723504
2025-04,Phoenix-ETD,IT/Network,496006.0,539293.66,515485.45,43287.65999999999,0.03334176638004698
2025-04,Phoenix-ETD,SpareParts,586530.0,666797.68,622650.46,80267.68,0.13241773156100467
2025-04,Phoenix-ETD,TestEquipment,1241757.0,1168530.54,1208805.08,-73226.46000000002,-0.06034854296950243
2025-04,Phoenix-ETD,Tooling,802096.0,911438.16,851299.97,109342.16,0.08162269191562438
2025-05,Atlas-Sustaining,Facilities,884112.0,897531.49,890150.77,13419.490000000027,-0.0008879681101500364
2025-05,Atlas-Sustaining,Fixtures,784258.0,818377.88,799611.95,34119.87999999999,0.04717313534946745
2025-05,Atlas-Sustaining,IT/Network,635513.0,600360.15,619694.22,-35152.84999999999,-0.040712300840761675
2025-05,Atlas-Sustaining,SpareParts,466583.0,469765.33999999997,468015.06,3182.3399999999965,0.009686504545421934
2025-05,Atlas-Sustaining,TestEquipment,731868.0,652827.62,696299.83,-79040.38,-0.1359429353320771
2025-05,Atlas-Sustaining,Tooling,875230.0,926830.35,898450.15,51600.350000000006,0.07024781651946958
2025-05,Helios-NewBay,Facilities,747226.0,786156.1,764744.5499999999,38930.10000000001,0.09962637531829023
2025-05,Helios-NewBay,Fixtures,427129.0,432184.31,429403.9,5055.30999999999,0.004670778246480217
2025-05,Helios-NewBay,IT/Network,988753.0,991490.55,989984.88,2737.5500000000247,0.004225960328688898
2025-05,Helios-NewBay,SpareParts,1260291.0,1304901.97,1280365.94,44610.97000000003,0.03331135563152834
2025-05,Helios-NewBay,TestEquipment,563030.0,520728.98,543994.53,-42301.01999999999,-0.03195658949227057
2025-05,Helios-NewBay,Tooling,981389.0,1008700.53,993679.18,27311.530000000028,0.020198929091663233
2025-05,Nova-Upgrade,Facilities,767015.0,849495.56,804131.25,82480.56,0.08660133646283388
2025-05,Nova-Upgrade,Fixtures,1009132.0,1049688.22,1027382.31,40556.22000000003,0.06309556734900996
2025-05,Nova-Upgrade,IT/Network,887424.0,835154.54,863902.75,-52269.45999999999,-0.058405892485798167
2025-05,Nova-Upgrade,SpareParts,266225.0,272065.53,268853.23,5840.529999999999,0.029528076148139022
2025-05,Nova-Upgrade,TestEquipment,870524.0,945165.2899999999,904112.57,74641.29,0.05124256748135899
2025-05,Nova-Upgrade,Tooling,547266.0,555789.28,551101.48,8523.279999999999,0.027333842538794124
2025-05,Orion-Ramp,Facilities,834338.0,837222.21,835635.89,2884.2099999999627,0.06780560824345845
2025-05,Orion-Ramp,Fixtures,648242.0,614380.99,633004.54,-33861.01000000001,-0.03243487462390954
2025-05,Orion-Ramp,IT/Network,201002.0,171567.34,187756.4,-29434.659999999996,-0.18480318349799885
2025-05,Orion-Ramp,SpareParts,811185.0,796804.75,804713.87,-14380.249999999989,-0.008514511245172928
2025-05,Orion-Ramp,TestEquipment,608517.0,645741.98,625268.24,37224.979999999996,0.04659758914414264
2025-05,Orion-Ramp,Tooling,998313.0,1057110.67,1024771.95,58797.67000000001,0.054234679564348943
2025-05,Phoenix-ETD,Facilities,754131.0,818763.83,783215.77,64632.82999999999,-0.01894898112587553
2025-05,Phoenix-ETD,Fixtures,846566.0,788587.92,820475.87,-57978.079999999994,-0.04714163162940192
2025-05,Phoenix-ETD,IT/Network,638613.0,610681.7,626043.9099999999,-27931.300000000017,-0.08781545206294229
2025-05,Phoenix-ETD,SpareParts,757019.0,741445.1,750010.74,-15573.90000000003,-0.04732185511533563
2025-05,Phoenix-ETD,TestEquipment,1059791.0,1050768.72,1055730.97,-9022.279999999977,0.03627228907345428
2025-05,Phoenix-ETD,Tooling,983412.0,861337.59,928478.53,-122074.40999999999,-0.12848343109937216
2025-06,Atlas-Sustaining,Facilities,1257074.0,1301227.29,1276942.97,44153.29000000002,0.04654301544546117
2025-06,Atlas-Sustaining,Fixtures,430713.0,440904.57,435299.21,10191.569999999989,0.0411066961483569
2025-06,Atlas-Sustaining,IT/Network,441243.0,403015.87,424040.80000000005,-38227.130000000005,-0.07420341853903539
2025-06,Atlas-Sustaining,SpareParts,1384151.0,1346546.71,1367229.06,-37604.29000000005,-0.030555424074567718
2025-06,Atlas-Sustaining,TestEquipment,760306.0,814339.15,784620.92,54033.149999999994,0.04042170177268195
2025-06,Atlas-Sustaining,Tooling,1168235.0,1164278.89,1166454.74,-3956.1100000000297,-0.014668197273985304
2025-06,Helios-NewBay,Facilities,1095854.0,1170752.67,1129558.4100000001,74898.67000000001,0.10205699211232591
2025-06,Helios-NewBay,Fixtures,985365.0,1076391.68,1026327.0,91026.68,0.04247510004777877
2025-06,Helios-NewBay,IT/Network,774444.0,723829.36,751667.4099999999,-50614.64,-0.05178730232688253
2025-06,Helios-NewBay,SpareParts,1035893.0,1037357.3799999999,1036551.97,1464.379999999961,-0.007574851570940747
2025-06,Helios-NewBay,TestEquipment,733098.0,760283.63,745331.5399999999,27185.629999999976,0.02713587589905646
2025-06,Helios-NewBay,Tooling,345965.0,353343.57,349285.36,7378.570000000007,0.01459404154517242
2025-06,Nova-Upgrade,Facilities,534651.0,546034.36,539773.51,11383.360000000013,0.021448075519362786
2025-06,Nova-Upgrade,Fixtures,1695815.0,1502968.21,1609033.94,-192846.79000000004,-0.0981713683210938
2025-06,Nova-Upgrade,SpareParts,452766.0,411517.11,434204.02,-41248.89000000002,0.014341581107887608
2025-06,Nova-Upgrade,TestEquipment,945546.0,917678.53,933005.64,-27867.470000000016,0.004539946004008406
2025-06,Nova-Upgrade,Tooling,819021.0,875758.4400000001,844552.8500000001,56737.44000000001,0.038246994815194536
2025-06,Orion-Ramp,Facilities,784489.0,811799.26,796778.62,27310.259999999995,0.03784120203056952
2025-06,Orion-Ramp,Fixtures,1201219.0,1253066.92,1224550.56,51847.919999999955,0.0661368138407375
2025-06,Orion-Ramp,IT/Network,173565.0,176548.48,174907.56,2983.480000000003,0.01653379450872385
2025-06,Orion-Ramp,SpareParts,632707.0,668929.75,649007.24,36222.74999999997,0.06440054408650235
2025-06,Orion-Ramp,TestEquipment,596390.0,611379.76,603135.39,14989.76000000001,0.03918299548123718
2025-06,Orion-Ramp,Tooling,1193084.0,1197561.85,1195099.02,4477.849999999977,0.0067481876744311204
2025-06,Phoenix-ETD,Facilities,496570.0,542130.72,517072.32,45560.72,0.09731649614820814
2025-06,Phoenix-ETD,Fixtures,850469.0,887243.4700000001,867017.51,36774.47000000004,0.02676510939236425
2025-06,Phoenix-ETD,IT/Network,953613.0,899651.27,929330.21,-53961.73,-0.048270514900694665
2025-06,Phoenix-ETD,SpareParts,877715.0,851765.74,866037.84,-25949.25999999998,-0.01977337178469836
2025-06,Phoenix-ETD,TestEquipment,998063.0,1024713.4900000001,1010055.7100000001,26650.49000000005,0.031071523770926063
2025-06,Phoenix-ETD,Tooling,177173.0,174614.62,176021.72999999998,-2558.3799999999974,-0.054155532321094636
2025-07,Atlas-Sustaining,Facilities,907896.0,894165.63,901717.34,-13730.369999999966,0.005550474240924234
2025-07,Atlas-Sustaining,Fixtures,438550.0,429659.29000000004,434549.19,-8890.709999999985,-0.03533160214993092
2025-07,Atlas-Sustaining,IT/Network,994466.0,986506.4199999999,990884.2000000001,-7959.580000000045,-0.00890574483005582
2025-07,Atlas-Sustaining,SpareParts,772809.0,808637.63,788931.88,35828.630000000005,0.04068004925656317
2025-07,Atlas-Sustaining,TestEquipment,398577.0,403437.56,400764.26,4860.559999999998,-0.012010923369467836
2025-07,Atlas-Sustaining,Tooling,962133.0,974943.41,967897.69,12810.409999999982,0.0024063003843771955
2025-07,Helios-NewBay,Facilities,889408.0,864925.26,878390.76,-24482.739999999976,-0.014612341479772434
2025-07,Helios-NewBay,Fixtures,942541.0,1062051.4,996320.67,119510.4,0.11117307000625327
2025-07,Helios-NewBay,IT/Network,651477.0,655271.08,653184.33,3794.079999999987,0.06480269737037889
2025-07,Helios-NewBay,SpareParts,368169.0,349377.5,359712.81999999995,-18791.500000000015,0.006694312275716895
2025-07,Helios-NewBay,TestEquipment,1001282.0,1032541.22,1015348.64,31259.22,0.02941811319596837
2025-07,Helios-NewBay,Tooling,1256402.0,1324174.9,1286899.8,67772.89999999994,0.028682443561218792
2025-07,Nova-Upgrade,Facilities,1006751.0,972633.5,991398.12,-34117.5,-0.03218870385531868
2025-07,Nova-Upgrade,Fixtures,787671.0,848723.73,815144.72,61052.73000000002,0.06720461527859489
2025-07,Nova-Upgrade,IT/Network,864478.0,837138.4099999999,852175.1799999999,-27339.590000000015,-0.01293762865210987
2025-07,Nova-Upgrade,SpareParts,809363.0,842004.48,824051.67,32641.47999999997,0.041646696121748414
2025-07,Nova-Upgrade,TestEquipment,673498.0,706552.93,688372.72,33054.93000000003,0.0549255559864281
2025-07,Nova-Upgrade,Tooling,321395.0,341096.93,330260.87,19701.93000000002,0.008379954887367275
2025-07,Orion-Ramp,Facilities,616416.0,645159.0700000001,629350.37,28743.07000000002,0.046294611988201305
2025-07,Orion-Ramp,Fixtures,1330525.0,1443997.48,1381587.6,113472.48000000003,0.08179855687649262
2025-07,Orion-Ramp,IT/Network,923267.0,965322.78,942192.1,42055.78000000003,0.010947418252810108
2025-07,Orion-Ramp,SpareParts,579840.0,542190.34,562897.65,-37649.66,-0.07078499032620547
2025-07,Orion-Ramp,TestEquipment,471841.0,510416.5,489199.98,38575.500000000015,0.0177518081351553
2025-07,Orion-Ramp,Tooling,766886.0,779788.12,772691.96,12902.120000000017,0.012611156242370929
2025-07,Phoenix-ETD,Facilities,431295.0,450383.66,439884.91,19088.65999999998,-0.013169666968251052
2025-07,Phoenix-ETD,Fixtures,1222712.0,1232394.39,1227069.08,9682.39,0.011345793107815739
2025-07,Phoenix-ETD,IT/Network,471837.0,500805.91000000003,484873.01,28968.910000000007,0.0825295492574981
2025-07,Phoenix-ETD,SpareParts,845335.0,887938.88,864506.75,42603.87999999999,0.07209519238145558
2025-07,Phoenix-ETD,TestEquipment,951836.0,970894.8400000001,960412.48,19058.840000000026,0.019263210807741855
2025-07,Phoenix-ETD,Tooling,625628.0,647712.48,635566.01,22084.47999999998,-0.0019974162407892628
2025-08,Atlas-Sustaining,Facilities,1005116.0,1000595.53,1003081.79,-4520.469999999979,-0.009271465285234808
2025-08,Atlas-Sustaining,Fixtures,898245.0,914774.58,905683.31,16529.579999999973,-0.008397229113112257
2025-08,Atlas-Sustaining,IT/Network,155156.0,148738.35,152268.06,-6417.649999999994,-0.05209473745943518
2025-08,Atlas-Sustaining,SpareParts,1368995.0,1371602.29,1370168.28,2607.2899999999718,0.005130168272896914
2025-08,Atlas-Sustaining,TestEquipment,794191.0,838438.88,814102.55,44247.880000000005,0.05845347243777499
2025-08,Atlas-Sustaining,Tooling,293575.0,317537.09,304357.94,23962.09000000001,0.0930641604399129
2025-08,Helios-NewBay,Facilities,975836.0,985987.97,980404.39,10151.96999999998,0.006058409350933525
2025-08,Helios-NewBay,Fixtures,542653.0,575404.04,557390.97,32751.040000000008,0.04982200924798756
2025-08,Helios-NewBay,IT/Network,652477.0,564062.06,612690.28,-88414.94,-0.13801920875011686
2025-08,Helios-NewBay,SpareParts,811452.0,829767.03,819693.76,18315.030000000006,0.0183616314336174
2025-08,Helios-NewBay,TestEquipment,570933.0,595702.62,582079.34,24769.61999999999,0.007161456302649449
2025-08,Helios-NewBay,Tooling,451960.0,439596.1,446396.26,-12363.900000000009,-0.012297517676659778
2025-08,Nova-Upgrade,Facilities,143639.0,155219.15,148850.07,11580.149999999994,0.0806198177375225
2025-08,Nova-Upgrade,Fixtures,978411.0,1023178.6399999999,998556.4400000001,44767.639999999985,0.04409879195873607
2025-08,Nova-Upgrade,IT/Network,748103.0,737843.5800000001,743486.26,-10259.419999999984,-0.011999252511337863
2025-08,Nova-Upgrade,SpareParts,756458.0,808915.59,780063.91,52457.58999999997,0.023245987690862762
2025-08,Nova-Upgrade,TestEquipment,1222898.0,1266343.27,1242448.38,43445.27000000002,0.04072990783163259
2025-08,Nova-Upgrade,Tooling,977844.0,935278.78,958689.64,-42565.21999999999,-0.020979760145197944
2025-08,Orion-Ramp,Facilities,709516.0,709806.45,709646.7,290.45000000000437,0.01759989378818889
2025-08,Orion-Ramp,Fixtures,321523.0,321564.51,321541.68,41.51000000000931,0.00853067151976669
2025-08,Orion-Ramp,IT/Network,417530.0,395046.11,407412.24,-22483.889999999992,0.008491218586278456
2025-08,Orion-Ramp,SpareParts,976075.0,975026.77,975603.28,-1048.230000000025,-0.018823515352641883
2025-08,Orion-Ramp,TestEquipment,310680.0,290688.66000000003,301683.89,-19991.340000000004,-0.024319595053131377
2025-08,Orion-Ramp,Tooling,540815.0,574350.6799999999,555906.05,33535.67999999997,0.053724485216037614
2025-08,Phoenix-ETD,Facilities,870320.0,955389.67,908601.35,85069.67000000001,0.09848808126909854
2025-08,Phoenix-ETD,Fixtures,770203.0,780425.78,774803.25,10222.779999999984,0.027401840002695667
2025-08,Phoenix-ETD,IT/Network,489782.0,556012.79,519585.85,66230.79000000001,0.12013309611860958
2025-08,Phoenix-ETD,SpareParts,319804.0,302748.44,312129.0,-17055.560000000012,-0.08159008412229653
2025-08,Phoenix-ETD,TestEquipment,204269.0,206704.94,205365.18,2435.939999999995,-0.001753338389750763
2025-08,Phoenix-ETD,Tooling,1292126.0,1383222.03,1333119.21,91096.03000000004,0.07878496649883103
2025-09,Atlas-Sustaining,Facilities,848268.0,825607.47,838070.76,-22660.53,-0.027214918848438904
2025-09,Atlas-Sustaining,Fixtures,579660.0,602359.3200000001,589874.7,22699.320000000007,0.02727473883173233
2025-09,Atlas-Sustaining,IT/Network,922469.0,935910.81,928517.83,13441.810000000005,0.02823402407596821
2025-09,Atlas-Sustaining,SpareParts,547312.0,535106.99,541819.75,-12205.009999999991,-0.04587978834734743
2025-09,Atlas-Sustaining,TestEquipment,1401326.0,1407289.36,1404009.52,5963.360000000015,0.0030374180557379187
2025-09,Atlas-Sustaining,Tooling,775204.0,771579.59,773573.02,-3624.409999999996,0.0035052145408685878
2025-09,Helios-NewBay,Facilities,528488.0,538833.17,533143.3200000001,10345.170000000013,0.020121706082345
2025-09,Helios-NewBay,Fixtures,374428.0,412173.59,391413.52,37745.590000000004,0.08037400138026062
2025-09,Helios-NewBay,IT/Network,1015219.0,1025450.68,1019823.25,10231.680000000022,0.008072018564418287
2025-09,Helios-NewBay,SpareParts,291895.0,281813.57999999996,287358.36,-10081.420000000013,0.013625514799159669
2025-09,Helios-NewBay,TestEquipment,1539558.0,1536762.28,1538299.92,-2795.719999999972,0.013077624692914847
2025-09,Helios-NewBay,Tooling,961408.0,1073830.29,1011998.03,112422.29000000001,0.09947473341475982
2025-09,Nova-Upgrade,Facilities,679516.0,623958.51,654515.14,-55557.49000000005,-0.049921992214408135
2025-09,Nova-Upgrade,Fixtures,1127777.0,1121658.9,1125023.85,-6118.100000000006,-0.005183359748040918
2025-09,Nova-Upgrade,IT/Network,534760.0,574608.45,552691.7999999999,39848.44999999998,0.05709377284993313
2025-09,Nova-Upgrade,SpareParts,1367177.0,1292657.84,1333643.39,-74519.16,-0.05453048866519152
2025-09,Nova-Upgrade,TestEquipment,630392.0,627728.08,629193.23,-2663.92000000002,-0.020221445484128013
2025-09,Nova-Upgrade,Tooling,187448.0,184822.52000000002,186266.53,-2625.4799999999886,-0.012190538617525802
2025-09,Orion-Ramp,Facilities,237328.0,198367.44,219795.75,-38960.56,-0.14880463496002944
2025-09,Orion-Ramp,Fixtures,1071466.0,1062114.28,1067257.72,-9351.720000000045,0.0035366256422080717
2025-09,Orion-Ramp,IT/Network,1063917.0,1117563.8800000001,1088058.09,53646.88000000001,0.053219119231735695
2025-09,Orion-Ramp,SpareParts,653106.0,627400.8300000001,641538.6799999999,-25705.169999999984,-0.03403648738820789
2025-09,Orion-Ramp,TestEquipment,1089065.0,1093910.6199999999,1091245.53,4845.619999999988,-0.005684043272645827
2025-09,Orion-Ramp,Tooling,756820.0,814971.78,782988.31,58151.78000000001,0.04240374087839459
2025-09,Phoenix-ETD,Facilities,572253.0,570397.16,571417.87,-1855.8400000000038,-0.007180469868785231
2025-09,Phoenix-ETD,Fixtures,750645.0,830707.06,786672.9299999999,80062.06000000001,0.06171784026061966
2025-09,Phoenix-ETD,IT/Network,781659.0,762567.76,773067.95,-19091.24,-0.037143954516805314
2025-09,Phoenix-ETD,SpareParts,387625.0,386411.83,387079.07,-1213.1699999999983,-0.029186482248573443
2025-09,Phoenix-ETD,TestEquipment,1046287.0,1019427.4199999999,1034200.2000000001,-26859.58000000003,-0.040071959372036524
2025-09,Phoenix-ETD,Tooling,342327.0,340520.32999999996,341514.0,-1806.6700000000128,-0.019525259973105436
2025-10,Atlas-Sustaining,Facilities,348701.0,338810.77999999997,344250.4,-9890.220000000021,0.03664672943546545
2025-10,Atlas-Sustaining,Fixtures,621740.0,625297.18,623340.73,3557.180000000022,0.00850845047045128
2025-10,Atlas-Sustaining,IT/Network,868400.0,835216.41,853467.39,-33183.58999999998,-0.03263763574529912
2025-10,Atlas-Sustaining,SpareParts,810771.0,738930.41,778442.74,-71840.59,-0.0836585161824813
2025-10,Atlas-Sustaining,TestEquipment,1050608.0,1073455.96,1060889.58,22847.960000000006,-0.012059960601300842
2025-10,Atlas-Sustaining,Tooling,803746.0,771246.08,789121.03,-32499.920000000027,-0.07636988171076473
2025-10,Helios-NewBay,Facilities,1411834.0,1433801.75,1421719.49,21967.749999999985,-0.001998910657813709
2025-10,Helios-NewBay,Fixtures,1454194.0,1455457.34,1454762.51,1263.340000000011,0.005845381205453408
2025-10,Helios-NewBay,IT/Network,793825.0,755156.78,776424.29,-38668.22,-0.06539452773648036
2025-10,Helios-NewBay,SpareParts,581241.0,577020.4,579341.73,-4220.599999999984,-0.009215406457289788
2025-10,Helios-NewBay,TestEquipment,402583.0,393627.41,398552.97000000003,-8955.590000000011,0.01692062407969775
2025-10,Helios-NewBay,Tooling,721426.0,701337.79,712386.31,-20088.210000000014,-0.03269555830415813
2025-10,Nova-Upgrade,Facilities,351683.0,319176.36,337055.01,-32506.639999999985,-0.05395399556133304
2025-10,Nova-Upgrade,Fixtures,1013152.0,1042843.5,1026513.1699999999,29691.500000000015,0.016068843259688586
2025-10,Nova-Upgrade,IT/Network,718136.0,704133.74,711834.98,-14002.259999999993,-0.04774092925033245
2025-10,Nova-Upgrade,SpareParts,1144237.0,1117345.32,1132135.75,-26891.67999999995,-0.010219861006069149
2025-10,Nova-Upgrade,TestEquipment,1044970.0,1055318.1099999999,1049626.6400000001,10348.109999999957,0.010135742381398216
2025-10,Nova-Upgrade,Tooling,970120.0,1019806.9299999999,992479.12,49686.929999999964,0.017024756067732835
2025-10,Orion-Ramp,Facilities,180292.0,188314.61,183902.18,8022.609999999986,0.012548373700157295
2025-10,Orion-Ramp,Fixtures,825073.0,853820.26,838009.27,28747.260000000002,0.01678568651605286
2025-10,Orion-Ramp,IT/Network,986542.0,1016568.99,1000054.1399999999,30026.98999999999,0.0297084979467362
2025-10,Orion-Ramp,SpareParts,1426542.0,1387698.51,1409062.42,-38843.489999999976,-0.02860475080224015
2025-10,Orion-Ramp,TestEquipment,903988.0,962296.17,930226.6699999999,58308.17000000001,0.07263855463459412
2025-10,Orion-Ramp,Tooling,971537.0,1001490.62,985016.14,29953.619999999974,0.0040797631627811455
2025-10,Phoenix-ETD,Facilities,965588.0,1029890.0100000001,994523.9,64302.010000000046,0.027723743361421443
2025-10,Phoenix-ETD,Fixtures,684465.0,695417.98,689393.84,10952.980000000032,0.02986970027967199
2025-10,Phoenix-ETD,IT/Network,314994.0,349737.83999999997,330628.73,34743.84,0.10473873652828747
2025-10,Phoenix-ETD,SpareParts,1288450.0,1328036.8599999999,1306264.08,39586.859999999986,0.019589006936143044
2025-10,Phoenix-ETD,TestEquipment,428878.0,513492.58,466954.55999999994,84614.57999999999,0.1383289379905229
2025-10,Phoenix-ETD,Tooling,934233.0,977364.01,953641.95,43131.01,0.06544514525091347
2025-11,Atlas-Sustaining,Facilities,599985.0,592023.99,596402.54,-7961.00999999998,-0.06514850384999887
2025-11,Atlas-Sustaining,Fixtures,568495.0,536108.56,553921.11,-32386.439999999995,-0.055264389088896027
2025-11,Atlas-Sustaining,IT/Network,1081511.0,1152988.2,1113675.74,71477.20000000001,0.06938517085292221
2025-11,Atlas-Sustaining,SpareParts,852368.0,878511.37,864132.52,26143.370000000003,0.02806796790727972
2025-11,Atlas-Sustaining,TestEquipment,659550.0,688170.65,672429.3,28620.65000000001,0.032096418781198774
2025-11,Atlas-Sustaining,Tooling,888228.0,845775.16,869124.23,-42452.83999999999,-0.07726047740179083
2025-11,Helios-NewBay,Facilities,939947.0,996531.12,965409.8600000001,56584.119999999966,0.021773668351252086
2025-11,Helios-NewBay,Fixtures,1441018.0,1516460.13,1474966.96,75442.13000000003,0.06633559533268557
2025-11,Helios-NewBay,IT/Network,681724.0,713416.2,695985.48,31692.199999999983,0.027616906531463536
2025-11,Helios-NewBay,SpareParts,457043.0,452812.48000000004,455139.27,-4230.5199999999895,-0.014945902048176724
2025-11,Helios-NewBay,TestEquipment,404973.0,406534.06,405675.48,1561.0600000000013,0.025311906631132353
2025-11,Helios-NewBay,Tooling,310221.0,350834.38,328497.02,40613.380000000005,0.09994180984811188
2025-11,Nova-Upgrade,Facilities,1086796.0,1168376.75,1123507.35,81580.75000000001,0.09216544271085252
2025-11,Nova-Upgrade,Fixtures,202147.0,198093.49000000002,200322.92,-4053.5099999999875,-0.014649958551082816
2025-11,Nova-Upgrade,IT/Network,1065669.0,1126403.42,1092999.5,60734.419999999984,0.054874284877578325
2025-11,Nova-Upgrade,SpareParts,742712.0,751072.96,746474.43,8360.96,0.0005019218376741963
2025-11,Nova-Upgrade,TestEquipment,445031.0,457862.65,450805.24,12831.650000000009,0.03699952698096214
2025-11,Nova-Upgrade,Tooling,1423408.0,1328574.03,1380732.72,-94833.96999999999,-0.04449589052253391
2025-11,Orion-Ramp,Facilities,972256.0,960336.95,966892.4199999999,-11919.050000000017,-0.019732956837447243
2025-11,Orion-Ramp,Fixtures,954484.0,924068.95,940797.22,-30415.050000000017,-0.006455582309571453
2025-11,Orion-Ramp,IT/Network,982378.0,1021738.97,1000090.4299999999,39360.970000000045,0.05433905000516037
2025-11,Orion-Ramp,SpareParts,1038717.0,1061339.24,1048897.03,22622.24000000004,0.029617970353314788
2025-11,Orion-Ramp,TestEquipment,573201.0,543880.89,560006.95,-29320.110000000015,-0.0076051219504530455
2025-11,Orion-Ramp,Tooling,471717.0,507851.67,487977.58999999997,36134.67,0.10236229466748004
2025-11,Phoenix-ETD,Facilities,1175231.0,1191028.9,1182340.04,15797.900000000009,-0.008197349863221796
2025-11,Phoenix-ETD,Fixtures,1044347.0,969938.56,1010863.21,-74408.43999999999,-0.07823338318120703
2025-11,Phoenix-ETD,IT/Network,779565.0,826717.75,800783.74,47152.750000000015,0.07051356419301988
2025-11,Phoenix-ETD,SpareParts,690448.0,726732.61,706776.07,36284.61000000003,0.03637871444150843
2025-11,Phoenix-ETD,TestEquipment,976706.0,1009613.51,991514.37,32907.510000000024,-0.00839591223704904
2025-11,Phoenix-ETD,Tooling,704141.0,722766.6699999999,712522.56,18625.67,0.04316272034276759
2025-12,Atlas-Sustaining,Facilities,1074793.0,1093027.99,1082998.75,18234.989999999998,0.039088864572814706
2025-12,Atlas-Sustaining,Fixtures,873503.0,830155.95,853996.83,-43347.04999999999,-0.054734775696801345
2025-12,Atlas-Sustaining,IT/Network,606397.0,578211.84,593713.67,-28185.16000000001,-0.037010965747933014
2025-12,Atlas-Sustaining,SpareParts,914340.0,921582.51,917599.13,7242.509999999995,0.004917755175598036
2025-12,Atlas-Sustaining,TestEquipment,657248.0,626228.0700000001,643289.03,-31019.92999999999,-0.026715619816594267
2025-12,Atlas-Sustaining,Tooling,791032.0,764143.62,778932.24,-26888.380000000012,-0.029048844686255328
2025-12,Helios-NewBay,Facilities,209182.0,193106.89,201948.2,-16075.11,-0.08349314864399196
2025-12,Helios-NewBay,Fixtures,1383694.0,1368442.04,1376830.62,-15251.960000000006,0.0034793782696770953
2025-12,Helios-NewBay,IT/Network,1128066.0,1136361.73,1131799.09,8295.730000000003,-0.002911346065301249
2025-12,Helios-NewBay,SpareParts,848573.0,903058.97,873091.6900000001,54485.96999999999,0.05185726097269372
2025-12,Helios-NewBay,TestEquipment,588565.0,584772.34,586858.3,-3792.660000000018,-0.0017395656459198272
2025-12,Helios-NewBay,Tooling,251906.0,270995.96,260496.49,19089.960000000006,0.01409630846225498
2025-12,Nova-Upgrade,Facilities,620986.0,675536.29,645533.63,54550.290000000015,0.08559993794475285
2025-12,Nova-Upgrade,Fixtures,1028947.0,992863.89,1012709.5900000001,-36083.11000000001,-0.0032419637742561046
2025-12,Nova-Upgrade,IT/Network,566096.0,527978.43,548943.09,-38117.56999999999,-0.0635959088528335
2025-12,Nova-Upgrade,SpareParts,820668.0,796830.83,809941.27,-23837.170000000002,-0.011982390273487112
2025-12,Nova-Upgrade,TestEquipment,522857.0,530466.3,526281.19,7609.3000000000175,0.003527119572884537
2025-12,Nova-Upgrade,Tooling,560002.0,555997.21,558199.85,-4004.7900000000227,-0.008378972154811842
2025-12,Orion-Ramp,Facilities,797548.0,791892.14,795002.86,-5655.859999999986,-0.009200535075129274
2025-12,Orion-Ramp,Fixtures,786323.0,862156.87,820448.24,75833.86999999998,0.04694572424057523
2025-12,Orion-Ramp,IT/Network,264419.0,259037.3,261997.23,-5381.700000000001,-0.026420093755111906
2025-12,Orion-Ramp,SpareParts,901825.0,921809.07,910817.8300000001,19984.069999999992,0.00805044636001824
2025-12,Orion-Ramp,TestEquipment,602627.0,601813.87,602261.08,-813.1299999999974,-0.006772284550765661
2025-12,Orion-Ramp,Tooling,762056.0,808229.78,782834.2100000001,46173.78000000001,0.04635637888305944
2025-12,Phoenix-ETD,Facilities,400060.0,430432.37,413727.57,30372.37000000001,0.039202546099907365
2025-12,Phoenix-ETD,Fixtures,788911.0,792196.48,790389.46,3285.4799999999814,0.009527597280831369
2025-12,Phoenix-ETD,IT/Network,956608.0,900377.16,931304.11,-56230.83999999997,-0.01929260464612626
2025-12,Phoenix-ETD,SpareParts,944246.0,1014716.54,975957.75,70470.53999999998,0.057909336102637717
2025-12,Phoenix-ETD,TestEquipment,553567.0,585929.72,568130.23,32362.72000000001,0.027345274188014152
2025-12,Phoenix-ETD,Tooling,525958.0,534887.56,529976.3,8929.56000000002,0.02321764917119726
